Co	Co39	Cbp2-2Co
Co	Co39	CbpChineseCo
Co	Co39	CbpRussianCo
Co	Co39	CoMosher
Co	Co39	CoRussian
Co	Cbp2-2Co	CbpChineseCo
Co	Cbp2-2Co	CbpRussianCo
Co	Cbp2-2Co	CoMosher
Co	Cbp2-2Co	CoRussian
Co	CbpChineseCo	CbpRussianCo
Co	CbpChineseCo	CoMosher
Co	CbpChineseCo	CoRussian
Co	CbpRussianCo	CoMosher
Co	CbpRussianCo	CoRussian
Co	CoMosher	CoRussian
Cr	Cr145	Cbp2-2Cr
Cr	Cr145	CbpChineseCr
Cr	Cr145	CbpRussianCr
Cr	Cr145	CrMosher
Cr	Cr145	CgMosher
Cr	Cbp2-2Cr	CbpChineseCr
Cr	Cbp2-2Cr	CbpRussianCr
Cr	Cbp2-2Cr	CrMosher
Cr	Cbp2-2Cr	CgMosher
Cr	CbpChineseCr	CbpRussianCr
Cr	CbpChineseCr	CrMosher
Cr	CbpChineseCr	CgMosher
Cr	CbpRussianCr	CrMosher
Cr	CbpRussianCr	CgMosher
Cr	CrMosher	CgMosher
